Rank,Category,Count,Gap Level,Recommendation
1,Genre: Classic & Cult TV,28,High Gap,Netflix could consider adding more content in this genre.
2,Genre: Stand-Up Comedy & Talk Shows,56,High Gap,Netflix could consider adding more content in this genre.
3,Genre: TV Thrillers,57,High Gap,Netflix could consider adding more content in this genre.
4,Genre: Faith & Spirituality,65,Medium Gap,Netflix could consider adding more content in this genre.
5,Country: Afghanistan,1,High Gap,This country is underrepresented and could provide new content opportunities.
6,Country: Albania,1,High Gap,This country is underrepresented and could provide new content opportunities.
7,Country: Angola,1,High Gap,This country is underrepresented and could provide new content opportunities.
8,Content type: TV Shows,2676,High Gap,"TV Shows are less represented than Movies, so additional TV content could be considered."
9,Year added: 2010,1,High Gap,Few titles were added in this year; older catalogue from this period could be acquired or licensed.
10,Year added: 2008,2,High Gap,Few titles were added in this year; older catalogue from this period could be acquired or licensed.
